{
  "timestamp": "2025-12-07T02:12:50.341871",
  "config": {
    "data_path": "C:\\Users\\vishu\\sheepy assignment\\ai in health\\the model\\healthcare-dataset-stroke-data.csv",
    "output_dir": "C:\\Users\\vishu\\sheepy assignment\\ai in health\\the model\\models",
    "n_iter": 50,
    "cv": 5,
    "random_state": 42
  },
  "data_info": {
    "n_samples": 5110,
    "n_features": 11,
    "stroke_rate": 0.0487279843444227
  },
  "best_params": {
    "model__colsample_bytree": 0.8245108790277985,
    "model__gamma": 0.3854835899772805,
    "model__learning_rate": 0.031174220030046298,
    "model__max_depth": 3.0,
    "model__min_child_weight": 3.0,
    "model__n_estimators": 162.0,
    "model__reg_alpha": 8.957635956735194,
    "model__reg_lambda": 4.7537022318211175,
    "model__subsample": 0.8253102287905535
  },
  "metrics": {
    "roc_auc": 0.8412551440329219,
    "average_precision": 0.2853839029956679,
    "sensitivity": 0.82,
    "specificity": 0.7242798353909465,
    "ppv": 0.13268608414239483,
    "npv": 0.9873772791023843
  }
}